filename,label
aassnaulhq.mp4,0.5001667141914368
aayfryxljh.mp4,0.4989745616912842
acazlolrpz.mp4,0.5001768469810486
adohdulfwb.mp4,0.5001726746559143
ahjnxtiamx.mp4,0.499957799911499
